benchmark,dataset,instance,solver,time_budget_s,status,objective,tasks_assigned,runtime_s,service_level,late_tasks,travel_km,violations,split
solomon-clustered,solomon,c101,HEURISTIC,5.0,FEASIBLE,1358.5090153333333,99,0.2827388000150677,1.0,39,726.2159,0,eval
solomon-clustered,solomon,c101,HEURISTIC,30.0,FEASIBLE,1358.5090153333333,99,0.29895250001573004,1.0,39,726.2159,0,eval
solomon-clustered,solomon,c101,LOCAL_SEARCH,5.0,TIME_LIMIT,1371.4198533333333,99,5.122187100001611,1.0,1,705.674,0,eval
solomon-clustered,solomon,c101,LOCAL_SEARCH,30.0,TIME_LIMIT,1372.250452,99,30.04616959998384,1.0,0,687.4774,0,eval
solomon-clustered,solomon,c101,CP_SAT,5.0,TIME_LIMIT,0.0,0,5.415105899999617,0.0,0,0,0,eval
solomon-clustered,solomon,c101,CP_SAT,30.0,FEASIBLE,1331.536106,99,30.50950849999208,1.0,11,2624.1947,0,eval
solomon-clustered,solomon,c101,MIN_COST_FLOW,5.0,RELAXATION_OPTIMAL,536.7617226666666,46,0.015963299985742196,0.46464646464646464,32,668.2472,0,eval
solomon-clustered,solomon,c101,MIN_COST_FLOW,30.0,RELAXATION_OPTIMAL,536.7617226666666,46,0.015623799990862608,0.46464646464646464,32,668.2472,0,eval
solomon-random,solomon,r101,HEURISTIC,5.0,FEASIBLE,1353.8582246666667,99,0.5018468999769539,1.0,58,996.4221,0,eval
solomon-random,solomon,r101,HEURISTIC,30.0,FEASIBLE,1353.8582246666667,99,0.5016721999854781,1.0,58,996.4221,0,eval
solomon-random,solomon,r101,LOCAL_SEARCH,5.0,TIME_LIMIT,1358.6300453333333,99,5.087191300000995,1.0,45,1100.1644,0,eval
solomon-random,solomon,r101,LOCAL_SEARCH,30.0,TIME_LIMIT,1362.380232,99,30.129921399988234,1.0,29,1060.9884,0,eval
solomon-random,solomon,r101,CP_SAT,5.0,TIME_LIMIT,0.0,0,5.2546747000014875,0.0,0,0,0,eval
solomon-random,solomon,r101,CP_SAT,30.0,FEASIBLE,1350.2891793333333,99,30.384934700006852,1.0,21,1749.2077,0,eval
solomon-random,solomon,r101,MIN_COST_FLOW,5.0,RELAXATION_OPTIMAL,270.51075399999996,21,0.013051799993263558,0.21212121212121213,14,594.4623,0,eval
solomon-random,solomon,r101,MIN_COST_FLOW,30.0,RELAXATION_OPTIMAL,270.51075399999996,21,0.01296699998783879,0.21212121212121213,14,594.4623,0,eval
jobshop-ft10,jobshop,ft10,HEURISTIC,5.0,ERROR,-382.0,37,1.1825228999950923,0.37,0,0.0,6,val
jobshop-ft10,jobshop,ft10,HEURISTIC,30.0,ERROR,-382.0,37,1.1852395000169054,0.37,0,0.0,6,val
jobshop-ft10,jobshop,ft10,LOCAL_SEARCH,5.0,TIME_LIMIT,504.0,36,5.011336900002789,0.36,0,0.0,0,val
jobshop-ft10,jobshop,ft10,LOCAL_SEARCH,30.0,TIME_LIMIT,504.0,36,30.092634000000544,0.36,0,0.0,0,val
jobshop-ft10,jobshop,ft10,CP_SAT,5.0,OPTIMAL,1400.0,100,0.30753599997842684,1.0,0,0.0,0,val
jobshop-ft10,jobshop,ft10,CP_SAT,30.0,OPTIMAL,1400.0,100,0.2812456999963615,1.0,0,0.0,0,val
jobshop-ft10,jobshop,ft10,MIN_COST_FLOW,5.0,NOT_APPLICABLE,0.0,0,0.0,0.0,0,0.0,0,val
jobshop-ft10,jobshop,ft10,MIN_COST_FLOW,30.0,NOT_APPLICABLE,0.0,0,0.0,0.0,0,0.0,0,val
