# provenance: {"export_schema": "orion.export/1", "git_commit": "9afbef14df7c45ba402fc246414372ee9f123f92", "kind": "plan_comparison", "objective_weights": {"w_completion": 10.0, "w_cost": 0.01, "w_dispatch": 0.05, "w_late": 0.4, "w_move_idle": 0.02, "w_overload": 0.5, "w_priority": 2.0, "w_travel": 0.02, "w_violation": 50.0}, "platform": "Windows-11-10.0.26200-SP0", "python_version": "3.14.7", "seed": 2026, "source": "demo:SCN-orion-large-2026"}
metric,baseline,candidate,change,unit,higher_is_better
Plan score,629.202944,628.367434,-0.835510,,true
Service level,0.788732,0.784038,-0.004695,,true
Tasks assigned,46.000000,46.000000,+0.000000,,true
Late tasks,18.000000,17.000000,-1.000000,,false
Travel (km),779.462000,800.643200,+21.181200, km,false
Operating cost,1785.735000,1598.216800,-187.518200,,false
Mean utilisation,0.804329,0.797582,-0.006747,,true
Violations,18.000000,17.000000,-1.000000,,false
Solver runtime (s),0.031603,5.021023,+4.989420, s,false
Assignments changed,46,46,38,count,false
