# provenance: {"export_schema": "orion.export/1", "git_commit": "9afbef14df7c45ba402fc246414372ee9f123f92", "kind": "simulation_timeline", "objective_weights": {"w_completion": 10.0, "w_cost": 0.01, "w_dispatch": 0.05, "w_late": 0.4, "w_move_idle": 0.02, "w_overload": 0.5, "w_priority": 2.0, "w_travel": 0.02, "w_violation": 50.0}, "platform": "Windows-11-10.0.26200-SP0", "python_version": "3.14.7", "seed": 2026, "source": "demo:SCN-orion-large-2026"}
time,clock,type,label,subject_id,resource_id,detail
396,06:36,TASK_ARRIVE,TASK_ARRIVE,T-008,V-014,V-014 arrives at LOC-06 for T-008 (travel 32 min)
402,06:42,TASK_ARRIVE,TASK_ARRIVE,T-012,T-006,T-006 arrives at LOC-03 for T-012 (travel 97 min)
410,06:50,TASK_ARRIVE,TASK_ARRIVE,T-023,V-012,V-012 arrives at LOC-07 for T-023 (travel 27 min)
412,06:52,TASK_ARRIVE,TASK_ARRIVE,T-002,V-013,V-013 arrives at LOC-01 for T-002 (travel 28 min)
414,06:54,TASK_ARRIVE,TASK_ARRIVE,T-028,T-004,T-004 arrives at LOC-08 for T-028 (travel 37 min)
424,07:04,TASK_ARRIVE,TASK_ARRIVE,T-015,T-001,T-001 arrives at LOC-11 for T-015 (travel 43 min)
428,07:08,TASK_ARRIVE,TASK_ARRIVE,T-036,V-010,V-010 arrives at LOC-11 for T-036 (travel 27 min)
428,07:08,TASK_START,TASK_START,T-008,V-014,V-014 starts T-008 at LOC-06
432,07:12,TASK_ARRIVE,TASK_ARRIVE,T-055,T-007,T-007 arrives at LOC-01 for T-055 (travel 75 min)
433,07:13,TASK_ARRIVE,TASK_ARRIVE,T-025,T-003,T-003 arrives at LOC-02 for T-025 (travel 44 min)
437,07:17,TASK_START,TASK_START,T-023,V-012,V-012 starts T-023 at LOC-07
440,07:20,TASK_START,TASK_START,T-002,V-013,V-013 starts T-002 at LOC-01
443,07:23,TASK_ARRIVE,TASK_ARRIVE,T-014,T-005,T-005 arrives at LOC-13 for T-014 (travel 81 min)
451,07:31,TASK_START,TASK_START,T-028,T-004,T-004 starts T-028 at LOC-08
454,07:34,TASK_ARRIVE,TASK_ARRIVE,T-060,T-002,T-002 arrives at LOC-08 for T-060 (travel 43 min)
455,07:35,TASK_START,TASK_START,T-036,V-010,V-010 starts T-036 at LOC-11
458,07:38,TASK_ARRIVE,TASK_ARRIVE,T-053,V-014,V-014 arrives at LOC-14 for T-053 (travel 22 min)
458,07:38,TASK_COMPLETE,TASK_COMPLETE,T-008,V-014,V-014 completes T-008
460,07:40,TASK_COMPLETE,TASK_COMPLETE,T-002,V-013,V-013 completes T-002
467,07:47,TASK_ARRIVE,TASK_ARRIVE,T-001,V-012,V-012 arrives at LOC-05 for T-001 (travel 5 min)
467,07:47,TASK_START,TASK_START,T-015,T-001,T-001 starts T-015 at LOC-11
467,07:47,TASK_COMPLETE,TASK_COMPLETE,T-023,V-012,V-012 completes T-023
469,07:49,TASK_ARRIVE,TASK_ARRIVE,T-040,V-013,V-013 arrives at LOC-01 for T-040 (travel 0 min)
469,07:49,TASK_START,TASK_START,T-040,V-013,V-013 starts T-040 at LOC-01
472,07:52,TASK_START,TASK_START,T-001,V-012,V-012 starts T-001 at LOC-05
477,07:57,TASK_START,TASK_START,T-025,T-003,T-003 starts T-025 at LOC-02
480,08:00,TASK_START,TASK_START,T-053,V-014,V-014 starts T-053 at LOC-14
489,08:09,TASK_COMPLETE,TASK_COMPLETE,T-040,V-013,V-013 completes T-040
497,08:17,TASK_START,TASK_START,T-060,T-002,T-002 starts T-060 at LOC-08
499,08:19,TASK_START,TASK_START,T-012,T-006,T-006 starts T-012 at LOC-03
500,08:20,TASK_ARRIVE,TASK_ARRIVE,T-013,V-010,V-010 arrives at LOC-06 for T-013 (travel 10 min)
500,08:20,TASK_COMPLETE,TASK_COMPLETE,T-036,V-010,V-010 completes T-036
503,08:23,TASK_ARRIVE,TASK_ARRIVE,T-056,V-013,V-013 arrives at LOC-01 for T-056 (travel 0 min)
503,08:23,TASK_START,TASK_START,T-056,V-013,V-013 starts T-056 at LOC-01
507,08:27,TASK_START,TASK_START,T-055,T-007,T-007 starts T-055 at LOC-01
510,08:30,TASK_START,TASK_START,T-013,V-010,V-010 starts T-013 at LOC-06
511,08:31,TASK_ARRIVE,TASK_ARRIVE,T-051,T-004,T-004 arrives at LOC-09 for T-051 (travel 31 min)
511,08:31,TASK_COMPLETE,TASK_COMPLETE,T-028,T-004,T-004 completes T-028
513,08:33,TASK_ARRIVE,TASK_ARRIVE,T-038,T-008,T-008 arrives at LOC-04 for T-038 (travel 14 min)
517,08:37,TASK_ARRIVE,TASK_ARRIVE,T-022,V-012,V-012 arrives at LOC-05 for T-022 (travel 0 min)
517,08:37,TASK_START,TASK_START,T-022,V-012,V-012 starts T-022 at LOC-05
517,08:37,TASK_COMPLETE,TASK_COMPLETE,T-001,V-012,V-012 completes T-001
524,08:44,TASK_START,TASK_START,T-014,T-005,T-005 starts T-014 at LOC-13
527,08:47,TASK_START,TASK_START,T-038,T-008,T-008 starts T-038 at LOC-04
529,08:49,TASK_ARRIVE,TASK_ARRIVE,T-054,T-006,T-006 arrives at LOC-03 for T-054 (travel 0 min)
529,08:49,TASK_START,TASK_START,T-054,T-006,T-006 starts T-054 at LOC-03
529,08:49,TASK_COMPLETE,TASK_COMPLETE,T-012,T-006,T-006 completes T-012
537,08:57,TASK_ARRIVE,TASK_ARRIVE,T-050,T-007,T-007 arrives at LOC-01 for T-050 (travel 0 min)
537,08:57,TASK_ARRIVE,TASK_ARRIVE,T-006,V-012,V-012 arrives at LOC-07 for T-006 (travel 5 min)
537,08:57,TASK_START,TASK_START,T-050,T-007,T-007 starts T-050 at LOC-01
537,08:57,TASK_COMPLETE,TASK_COMPLETE,T-055,T-007,T-007 completes T-055
537,08:57,TASK_COMPLETE,TASK_COMPLETE,T-022,V-012,V-012 completes T-022
540,09:00,TASK_ARRIVE,TASK_ARRIVE,T-048,V-010,V-010 arrives at LOC-06 for T-048 (travel 0 min)
540,09:00,TASK_START,TASK_START,T-048,V-010,V-010 starts T-048 at LOC-06
540,09:00,TASK_COMPLETE,TASK_COMPLETE,T-013,V-010,V-010 completes T-013
542,09:02,TASK_ARRIVE,TASK_ARRIVE,T-030,T-002,T-002 arrives at LOC-08 for T-030 (travel 0 min)
542,09:02,TASK_START,TASK_START,T-030,T-002,T-002 starts T-030 at LOC-08
542,09:02,TASK_START,TASK_START,T-051,T-004,T-004 starts T-051 at LOC-09
542,09:02,TASK_START,TASK_START,T-006,V-012,V-012 starts T-006 at LOC-07
542,09:02,TASK_COMPLETE,TASK_COMPLETE,T-060,T-002,T-002 completes T-060
547,09:07,TASK_ARRIVE,TASK_ARRIVE,T-020,T-008,T-008 arrives at LOC-04 for T-020 (travel 0 min)
547,09:07,TASK_START,TASK_START,T-020,T-008,T-008 starts T-020 at LOC-04
547,09:07,TASK_COMPLETE,TASK_COMPLETE,T-038,T-008,T-008 completes T-038
548,09:08,TASK_ARRIVE,TASK_ARRIVE,T-046,V-013,V-013 arrives at LOC-12 for T-046 (travel 20 min)
548,09:08,TASK_COMPLETE,TASK_COMPLETE,T-056,V-013,V-013 completes T-056
557,09:17,TASK_ARRIVE,TASK_ARRIVE,T-041,T-001,T-001 arrives at LOC-11 for T-041 (travel 0 min)
557,09:17,TASK_START,TASK_START,T-041,T-001,T-001 starts T-041 at LOC-11
557,09:17,TASK_COMPLETE,TASK_COMPLETE,T-015,T-001,T-001 completes T-015
559,09:19,TASK_ARRIVE,TASK_ARRIVE,T-034,T-006,T-006 arrives at LOC-03 for T-034 (travel 0 min)
559,09:19,TASK_START,TASK_START,T-034,T-006,T-006 starts T-034 at LOC-03
559,09:19,TASK_COMPLETE,TASK_COMPLETE,T-054,T-006,T-006 completes T-054
562,09:22,TASK_ARRIVE,TASK_ARRIVE,T-035,V-012,V-012 arrives at LOC-07 for T-035 (travel 0 min)
562,09:22,TASK_START,TASK_START,T-035,V-012,V-012 starts T-035 at LOC-07
562,09:22,TASK_COMPLETE,TASK_COMPLETE,T-006,V-012,V-012 completes T-006
567,09:27,TASK_COMPLETE,TASK_COMPLETE,T-025,T-003,T-003 completes T-025
568,09:28,TASK_ARRIVE,TASK_ARRIVE,T-004,V-011,V-011 arrives at LOC-10 for T-004 (travel 28 min)
568,09:28,TASK_START,TASK_START,T-046,V-013,V-013 starts T-046 at LOC-12
569,09:29,TASK_COMPLETE,TASK_COMPLETE,T-014,T-005,T-005 completes T-014
570,09:30,TASK_ARRIVE,TASK_ARRIVE,T-059,V-014,V-014 arrives at LOC-14 for T-059 (travel 0 min)
570,09:30,TASK_START,TASK_START,T-059,V-014,V-014 starts T-059 at LOC-14
570,09:30,TASK_COMPLETE,TASK_COMPLETE,T-053,V-014,V-014 completes T-053
572,09:32,TASK_COMPLETE,TASK_COMPLETE,T-051,T-004,T-004 completes T-051
579,09:39,TASK_ARRIVE,TASK_ARRIVE,T-039,T-004,T-004 arrives at LOC-09 for T-039 (travel 0 min)
579,09:39,TASK_START,TASK_START,T-039,T-004,T-004 starts T-039 at LOC-09
582,09:42,TASK_COMPLETE,TASK_COMPLETE,T-035,V-012,V-012 completes T-035
583,09:43,TASK_ARRIVE,TASK_ARRIVE,T-010,V-012,V-012 arrives at LOC-07 for T-010 (travel 0 min)
583,09:43,TASK_START,TASK_START,T-010,V-012,V-012 starts T-010 at LOC-07
585,09:45,TASK_ARRIVE,TASK_ARRIVE,T-016,V-010,V-010 arrives at LOC-14 for T-016 (travel 25 min)
585,09:45,TASK_COMPLETE,TASK_COMPLETE,T-048,V-010,V-010 completes T-048
587,09:47,TASK_ARRIVE,TASK_ARRIVE,T-017,T-002,T-002 arrives at LOC-09 for T-017 (travel 36 min)
587,09:47,TASK_COMPLETE,TASK_COMPLETE,T-041,T-001,T-001 completes T-041
587,09:47,TASK_COMPLETE,TASK_COMPLETE,T-030,T-002,T-002 completes T-030
596,09:56,TASK_START,TASK_START,T-004,V-011,V-011 starts T-004 at LOC-10
597,09:57,TASK_COMPLETE,TASK_COMPLETE,T-050,T-007,T-007 completes T-050
600,10:00,TASK_ARRIVE,TASK_ARRIVE,T-033,V-014,V-014 arrives at LOC-14 for T-033 (travel 0 min)
600,10:00,TASK_START,TASK_START,T-033,V-014,V-014 starts T-033 at LOC-14
600,10:00,TASK_COMPLETE,TASK_COMPLETE,T-059,V-014,V-014 completes T-059
603,10:03,TASK_ARRIVE,TASK_ARRIVE,T-007,T-003,T-003 arrives at LOC-02 for T-007 (travel 0 min)
603,10:03,TASK_START,TASK_START,T-007,T-003,T-003 starts T-007 at LOC-02
610,10:10,TASK_START,TASK_START,T-016,V-010,V-010 starts T-016 at LOC-14
616,10:16,TASK_COMPLETE,TASK_COMPLETE,T-004,V-011,V-011 completes T-004
620,10:20,TASK_ARRIVE,TASK_ARRIVE,T-021,V-011,V-011 arrives at LOC-09 for T-021 (travel 30 min)
620,10:20,TASK_ARRIVE,TASK_ARRIVE,T-027,V-014,V-014 arrives at LOC-14 for T-027 (travel 0 min)
620,10:20,TASK_START,TASK_START,T-027,V-014,V-014 starts T-027 at LOC-14
620,10:20,TASK_COMPLETE,TASK_COMPLETE,T-033,V-014,V-014 completes T-033
623,10:23,TASK_ARRIVE,TASK_ARRIVE,T-045,T-005,T-005 arrives at LOC-13 for T-045 (travel 0 min)
623,10:23,TASK_START,TASK_START,T-017,T-002,T-002 starts T-017 at LOC-09
623,10:23,TASK_START,TASK_START,T-045,T-005,T-005 starts T-045 at LOC-13
624,10:24,TASK_ARRIVE,TASK_ARRIVE,T-003,T-004,T-004 arrives at LOC-09 for T-003 (travel 0 min)
624,10:24,TASK_START,TASK_START,T-003,T-004,T-004 starts T-003 at LOC-09
624,10:24,TASK_COMPLETE,TASK_COMPLETE,T-039,T-004,T-004 completes T-039
628,10:28,TASK_ARRIVE,TASK_ARRIVE,T-049,T-001,T-001 arrives at LOC-05 for T-049 (travel 28 min)
628,10:28,TASK_ARRIVE,TASK_ARRIVE,T-043,V-013,V-013 arrives at LOC-12 for T-043 (travel 0 min)
628,10:28,TASK_START,TASK_START,T-043,V-013,V-013 starts T-043 at LOC-12
628,10:28,TASK_COMPLETE,TASK_COMPLETE,T-046,V-013,V-013 completes T-046
637,10:37,TASK_COMPLETE,TASK_COMPLETE,T-020,T-008,T-008 completes T-020
640,10:40,TASK_ARRIVE,TASK_ARRIVE,T-005,V-014,V-014 arrives at LOC-02 for T-005 (travel 29 min)
640,10:40,TASK_COMPLETE,TASK_COMPLETE,T-027,V-014,V-014 completes T-027
643,10:43,TASK_ARRIVE,TASK_ARRIVE,T-031,V-012,V-012 arrives at LOC-06 for T-031 (travel 19 min)
643,10:43,TASK_COMPLETE,TASK_COMPLETE,T-010,V-012,V-012 completes T-010
648,10:48,TASK_COMPLETE,TASK_COMPLETE,T-007,T-003,T-003 completes T-007
649,10:49,TASK_COMPLETE,TASK_COMPLETE,T-034,T-006,T-006 completes T-034
650,10:50,TASK_START,TASK_START,T-021,V-011,V-011 starts T-021 at LOC-09
655,10:55,TASK_COMPLETE,TASK_COMPLETE,T-016,V-010,V-010 completes T-016
656,10:56,TASK_START,TASK_START,T-049,T-001,T-001 starts T-049 at LOC-05
657,10:57,TASK_ARRIVE,TASK_ARRIVE,T-018,T-007,T-007 arrives at LOC-01 for T-018 (travel 0 min)
657,10:57,TASK_START,TASK_START,T-018,T-007,T-007 starts T-018 at LOC-01
662,11:02,TASK_START,TASK_START,T-031,V-012,V-012 starts T-031 at LOC-06
668,11:08,TASK_COMPLETE,TASK_COMPLETE,T-045,T-005,T-005 completes T-045
669,11:09,TASK_START,TASK_START,T-005,V-014,V-014 starts T-005 at LOC-02
680,11:20,TASK_COMPLETE,TASK_COMPLETE,T-021,V-011,V-011 completes T-021
683,11:23,TASK_COMPLETE,TASK_COMPLETE,T-017,T-002,T-002 completes T-017
702,11:42,TASK_COMPLETE,TASK_COMPLETE,T-018,T-007,T-007 completes T-018
707,11:47,TASK_COMPLETE,TASK_COMPLETE,T-031,V-012,V-012 completes T-031
714,11:54,TASK_COMPLETE,TASK_COMPLETE,T-003,T-004,T-004 completes T-003
714,11:54,TASK_COMPLETE,TASK_COMPLETE,T-005,V-014,V-014 completes T-005
718,11:58,TASK_COMPLETE,TASK_COMPLETE,T-043,V-013,V-013 completes T-043
720,12:00,TASK_COMPLETE,TASK_COMPLETE,T-049,T-001,T-001 completes T-049
