level,num_tasks,num_resources,solver,time_budget_s,status,objective,runtime_s,service_level,late_tasks,travel_km,optimality_gap,split,gap_to_best
small,10,5,HEURISTIC,5.0,FEASIBLE,106.32595851734713,0.001337299996521324,0.8169014084507042,1,238.1179,,dev,0.109318092512121
small,10,5,HEURISTIC,30.0,FEASIBLE,106.32595851734713,0.0013094999885652214,0.8169014084507042,1,238.1179,,dev,0.109318092512121
small,10,5,LOCAL_SEARCH,5.0,FEASIBLE,107.09488062955835,0.1319499000092037,0.8169014084507042,1,162.1874,,dev,0.10287690897459233
small,10,5,LOCAL_SEARCH,30.0,FEASIBLE,107.09488062955835,0.13419579999754205,0.8169014084507042,1,162.1874,,dev,0.10287690897459233
small,10,5,CP_SAT,5.0,OPTIMAL,119.37590471241731,0.03553890000330284,0.9154929577464789,1,251.4222,0.0,dev,0.0
small,10,5,CP_SAT,30.0,OPTIMAL,119.37590471241731,0.028116800007410347,0.9154929577464789,1,251.4222,0.0,dev,0.0
small,10,5,MIN_COST_FLOW,5.0,RELAXATION_OPTIMAL,51.6791716741786,0.0004340999876148999,0.4084507042253521,0,168.1609,,dev,0.5670887538094359
small,10,5,MIN_COST_FLOW,30.0,RELAXATION_OPTIMAL,51.6791716741786,0.00041769997915253043,0.4084507042253521,0,168.1609,,dev,0.5670887538094359
medium,25,8,HEURISTIC,5.0,FEASIBLE,323.98177733818574,0.007043200021144003,0.9243243243243243,8,432.9773,,val,0.0054946186319328825
medium,25,8,HEURISTIC,30.0,FEASIBLE,323.98177733818574,0.007087100006174296,0.9243243243243243,8,432.9773,,val,0.0054946186319328825
medium,25,8,LOCAL_SEARCH,5.0,FEASIBLE,323.98177733818574,0.6063587000244297,0.9243243243243243,8,432.9773,,val,0.0054946186319328825
medium,25,8,LOCAL_SEARCH,30.0,FEASIBLE,323.98177733818574,0.6036690000037197,0.9243243243243243,8,432.9773,,val,0.0054946186319328825
medium,25,8,CP_SAT,5.0,OPTIMAL,325.7717689697245,0.947883599990746,0.9243243243243243,5,378.5115,0.0,val,0.0
medium,25,8,CP_SAT,30.0,OPTIMAL,325.7717689697245,1.194338000001153,0.9243243243243243,5,378.5115,0.0,val,0.0
medium,25,8,MIN_COST_FLOW,5.0,FEASIBLE,0.0,0.0,0.0,0,0.0,,val,1.0
medium,25,8,MIN_COST_FLOW,30.0,FEASIBLE,0.0,0.0,0.0,0,0.0,,val,1.0
large,60,14,HEURISTIC,5.0,FEASIBLE,616.7445541277082,0.038974399998551235,0.785377358490566,20,949.4388,,eval,0.005160986549068549
large,60,14,HEURISTIC,30.0,FEASIBLE,616.7445541277082,0.0393146000278648,0.785377358490566,20,949.4388,,eval,0.005160986549068549
large,60,14,LOCAL_SEARCH,5.0,FEASIBLE,619.9440771711633,2.685730400000466,0.785377358490566,14,832.7898,,eval,0.0
large,60,14,LOCAL_SEARCH,30.0,FEASIBLE,619.9440771711633,2.6608749000006355,0.785377358490566,14,832.7898,,eval,0.0
large,60,14,CP_SAT,5.0,FEASIBLE,446.96249447621886,5.059666899993317,0.5683962264150944,12,773.6407,0.1950741844366636,eval,0.2790277205070952
large,60,14,CP_SAT,30.0,FEASIBLE,218.9031731214922,30.13123979998636,0.2830188679245283,5,392.8119,0.10266632503642215,eval,0.6468985168462958
large,60,14,MIN_COST_FLOW,5.0,FEASIBLE,0.0,0.0,0.0,0,0.0,,eval,1.0
large,60,14,MIN_COST_FLOW,30.0,FEASIBLE,0.0,0.0,0.0,0,0.0,,eval,1.0
stress,120,16,HEURISTIC,5.0,FEASIBLE,775.7361236531771,0.1343336999998428,0.47776510832383123,34,1576.9707,,eval,0.0039691071773976004
stress,120,16,HEURISTIC,30.0,FEASIBLE,775.7361236531771,0.13547079998534173,0.47776510832383123,34,1576.9707,,eval,0.0039691071773976004
stress,120,16,LOCAL_SEARCH,5.0,TIME_LIMIT,778.8273729691828,5.001559399999678,0.47776510832383123,28,1470.4273,,eval,0.0
stress,120,16,LOCAL_SEARCH,30.0,FEASIBLE,778.8273729691828,6.146162000019103,0.47776510832383123,28,1470.4273,,eval,0.0
stress,120,16,CP_SAT,5.0,FEASIBLE,467.03005430716644,5.06606769998325,0.28506271379703535,21,833.5355,0.34104195956367417,eval,0.40034201349822585
stress,120,16,CP_SAT,30.0,FEASIBLE,354.42309130638654,30.1450680999842,0.21322690992018245,15,571.364,0.1569509277675534,eval,0.5449272796419667
stress,120,16,MIN_COST_FLOW,5.0,FEASIBLE,0.0,0.0,0.0,0,0.0,,eval,1.0
stress,120,16,MIN_COST_FLOW,30.0,FEASIBLE,0.0,0.0,0.0,0,0.0,,eval,1.0
