rate,severity,strategy,disruption_id,service_level,objective,late_tasks,tasks_assigned,travel_km,operating_cost,violations,replan_seconds,recovery_pct,baseline_service,degraded_service,churn_changed,churn_total_before,churn_fraction
0.05,low,none,SCN-orion-medium-2026-D01,0.8486486486486486,297.93388582442424,8,21,389.7706,556.4167,8,0.0,0.0,0.9243243243243243,0.8486486486486486,,,
0.05,low,local_repair,SCN-orion-medium-2026-D01,0.8864864864864865,310.11680915231983,9,22,438.2636,566.35,9,0.005468799994559959,0.5,0.9243243243243243,0.8486486486486486,2,23,0.086957
0.05,low,full_reopt,SCN-orion-medium-2026-D01,0.8918918918918919,312.51194808319775,8,22,390.3168,559.9517,8,0.008227200014516711,0.571429,0.9243243243243243,0.8486486486486486,3,23,0.130435
0.05,medium,none,SCN-orion-medium-2026-D01,0.8486486486486486,297.93388582442424,8,21,389.7706,556.4167,8,0.0,0.0,0.9243243243243243,0.8486486486486486,,,
0.05,medium,local_repair,SCN-orion-medium-2026-D01,0.8864864864864865,310.11680915231983,9,22,438.2636,566.35,9,0.005311999993864447,0.5,0.9243243243243243,0.8486486486486486,2,23,0.086957
0.05,medium,full_reopt,SCN-orion-medium-2026-D01,0.8918918918918919,312.51194808319775,8,22,390.3168,559.9517,8,0.007819399994332343,0.571429,0.9243243243243243,0.8486486486486486,3,23,0.130435
0.05,high,none,SCN-orion-medium-2026-D01,0.8486486486486486,297.93388582442424,8,21,389.7706,556.4167,8,0.0,0.0,0.9243243243243243,0.8486486486486486,,,
0.05,high,local_repair,SCN-orion-medium-2026-D01,0.8864864864864865,310.11680915231983,9,22,438.2636,566.35,9,0.005230000009760261,0.5,0.9243243243243243,0.8486486486486486,2,23,0.086957
0.05,high,full_reopt,SCN-orion-medium-2026-D01,0.8918918918918919,312.51194808319775,8,22,390.3168,559.9517,8,0.008107600006042048,0.571429,0.9243243243243243,0.8486486486486486,3,23,0.130435
0.1,low,none,SCN-orion-medium-2026-D01,0.8486486486486486,297.93388582442424,8,21,389.7706,556.4167,8,0.0,0.0,0.9243243243243243,0.8486486486486486,,,
0.1,low,local_repair,SCN-orion-medium-2026-D01,0.8864864864864865,310.11680915231983,9,22,438.2636,566.35,9,0.0052161999919917434,0.5,0.9243243243243243,0.8486486486486486,2,23,0.086957
0.1,low,full_reopt,SCN-orion-medium-2026-D01,0.8918918918918919,312.51194808319775,8,22,390.3168,559.9517,8,0.00812220000079833,0.571429,0.9243243243243243,0.8486486486486486,3,23,0.130435
0.1,medium,none,SCN-orion-medium-2026-D01,0.8486486486486486,297.93388582442424,8,21,389.7706,556.4167,8,0.0,0.0,0.9243243243243243,0.8486486486486486,,,
0.1,medium,local_repair,SCN-orion-medium-2026-D01,0.8864864864864865,310.11680915231983,9,22,438.2636,566.35,9,0.005187400005524978,0.5,0.9243243243243243,0.8486486486486486,2,23,0.086957
0.1,medium,full_reopt,SCN-orion-medium-2026-D01,0.8918918918918919,312.51194808319775,8,22,390.3168,559.9517,8,0.008194199996069074,0.571429,0.9243243243243243,0.8486486486486486,3,23,0.130435
0.1,medium,none,SCN-orion-medium-2026-D02,0.8918918918918919,313.82982753160934,8,22,396.9579,519.4142,8,0.0,0.0,0.9243243243243243,0.8918918918918919,,,
0.1,medium,local_repair,SCN-orion-medium-2026-D02,0.8918918918918919,313.82982753160934,8,22,396.9579,519.4142,8,0.003812800016021356,0.0,0.9243243243243243,0.8918918918918919,1,23,0.043478
0.1,medium,full_reopt,SCN-orion-medium-2026-D02,0.8918918918918919,313.82982753160934,8,22,396.9579,519.4142,8,0.007948400016175583,0.0,0.9243243243243243,0.8918918918918919,1,23,0.043478
0.1,high,none,SCN-orion-medium-2026-D01,0.8486486486486486,297.93388582442424,8,21,389.7706,556.4167,8,0.0,0.0,0.9243243243243243,0.8486486486486486,,,
0.1,high,local_repair,SCN-orion-medium-2026-D01,0.8864864864864865,310.11680915231983,9,22,438.2636,566.35,9,0.005100100010167807,0.5,0.9243243243243243,0.8486486486486486,2,23,0.086957
0.1,high,full_reopt,SCN-orion-medium-2026-D01,0.8918918918918919,312.51194808319775,8,22,390.3168,559.9517,8,0.008070000010775402,0.571429,0.9243243243243243,0.8486486486486486,3,23,0.130435
0.1,high,none,SCN-orion-medium-2026-D02,0.8918918918918919,313.82982753160934,8,22,396.9579,519.4142,8,0.0,0.0,0.9243243243243243,0.8918918918918919,,,
0.1,high,local_repair,SCN-orion-medium-2026-D02,0.8918918918918919,313.82982753160934,8,22,396.9579,519.4142,8,0.0038600999978370965,0.0,0.9243243243243243,0.8918918918918919,1,23,0.043478
0.1,high,full_reopt,SCN-orion-medium-2026-D02,0.8918918918918919,313.82982753160934,8,22,396.9579,519.4142,8,0.00825699997949414,0.0,0.9243243243243243,0.8918918918918919,1,23,0.043478
0.2,low,none,SCN-orion-medium-2026-D01,0.8486486486486486,297.93388582442424,8,21,389.7706,556.4167,8,0.0,0.0,0.9243243243243243,0.8486486486486486,,,
0.2,low,local_repair,SCN-orion-medium-2026-D01,0.8864864864864865,310.11680915231983,9,22,438.2636,566.35,9,0.0053114999900572,0.5,0.9243243243243243,0.8486486486486486,2,23,0.086957
0.2,low,full_reopt,SCN-orion-medium-2026-D01,0.8918918918918919,312.51194808319775,8,22,390.3168,559.9517,8,0.007767899980535731,0.571429,0.9243243243243243,0.8486486486486486,3,23,0.130435
0.2,low,none,SCN-orion-medium-2026-D02,0.8918918918918919,313.82982753160934,8,22,396.9579,519.4142,8,0.0,0.0,0.9243243243243243,0.8918918918918919,,,
0.2,low,local_repair,SCN-orion-medium-2026-D02,0.8918918918918919,313.82982753160934,8,22,396.9579,519.4142,8,0.004311800003051758,0.0,0.9243243243243243,0.8918918918918919,1,23,0.043478
0.2,low,full_reopt,SCN-orion-medium-2026-D02,0.8918918918918919,313.82982753160934,8,22,396.9579,519.4142,8,0.008274500025436282,0.0,0.9243243243243243,0.8918918918918919,1,23,0.043478
0.2,medium,none,SCN-orion-medium-2026-D01,0.8486486486486486,297.93388582442424,8,21,389.7706,556.4167,8,0.0,0.0,0.9243243243243243,0.8486486486486486,,,
0.2,medium,local_repair,SCN-orion-medium-2026-D01,0.8864864864864865,310.11680915231983,9,22,438.2636,566.35,9,0.004923100001178682,0.5,0.9243243243243243,0.8486486486486486,2,23,0.086957
0.2,medium,full_reopt,SCN-orion-medium-2026-D01,0.8918918918918919,312.51194808319775,8,22,390.3168,559.9517,8,0.008137600001646206,0.571429,0.9243243243243243,0.8486486486486486,3,23,0.130435
0.2,medium,none,SCN-orion-medium-2026-D02,0.8918918918918919,313.82982753160934,8,22,396.9579,519.4142,8,0.0,0.0,0.9243243243243243,0.8918918918918919,,,
0.2,medium,local_repair,SCN-orion-medium-2026-D02,0.8918918918918919,313.82982753160934,8,22,396.9579,519.4142,8,0.00387439999030903,0.0,0.9243243243243243,0.8918918918918919,1,23,0.043478
0.2,medium,full_reopt,SCN-orion-medium-2026-D02,0.8918918918918919,313.82982753160934,8,22,396.9579,519.4142,8,0.008377199992537498,0.0,0.9243243243243243,0.8918918918918919,1,23,0.043478
0.2,medium,none,SCN-orion-medium-2026-D03,0.7567567567567568,264.1248578167067,8,19,388.1212,510.6658,8,0.0,0.0,0.9243243243243243,0.7567567567567568,,,
0.2,medium,local_repair,SCN-orion-medium-2026-D03,0.9243243243243243,322.6780662923523,10,23,475.5972,612.0042,10,0.006940399995073676,1.0,0.9243243243243243,0.7567567567567568,3,23,0.130435
0.2,medium,full_reopt,SCN-orion-medium-2026-D03,0.8918918918918919,312.29496939322877,9,22,449.694,529.9792,9,0.00842440000269562,0.806452,0.9243243243243243,0.7567567567567568,4,23,0.173913
0.2,high,none,SCN-orion-medium-2026-D01,0.8486486486486486,297.93388582442424,8,21,389.7706,556.4167,8,0.0,0.0,0.9243243243243243,0.8486486486486486,,,
0.2,high,local_repair,SCN-orion-medium-2026-D01,0.8864864864864865,310.11680915231983,9,22,438.2636,566.35,9,0.005265899992082268,0.5,0.9243243243243243,0.8486486486486486,2,23,0.086957
0.2,high,full_reopt,SCN-orion-medium-2026-D01,0.8918918918918919,312.51194808319775,8,22,390.3168,559.9517,8,0.008013499988010153,0.571429,0.9243243243243243,0.8486486486486486,3,23,0.130435
0.2,high,none,SCN-orion-medium-2026-D02,0.8918918918918919,313.82982753160934,8,22,396.9579,519.4142,8,0.0,0.0,0.9243243243243243,0.8918918918918919,,,
0.2,high,local_repair,SCN-orion-medium-2026-D02,0.8918918918918919,313.82982753160934,8,22,396.9579,519.4142,8,0.003938700014259666,0.0,0.9243243243243243,0.8918918918918919,1,23,0.043478
0.2,high,full_reopt,SCN-orion-medium-2026-D02,0.8918918918918919,313.82982753160934,8,22,396.9579,519.4142,8,0.008070499985478818,0.0,0.9243243243243243,0.8918918918918919,1,23,0.043478
0.2,high,none,SCN-orion-medium-2026-D04,0.9243243243243243,323.98177733818574,8,23,432.9773,587.6492,8,0.0,,0.9243243243243243,0.9243243243243243,,,
0.2,high,local_repair,SCN-orion-medium-2026-D04,0.759375,465.4383773381857,13,31,432.9773,707.9892,13,0.02169789999607019,,0.9243243243243243,0.9243243243243243,8,23,0.347826
0.2,high,full_reopt,SCN-orion-medium-2026-D04,0.871875,537.1357053208831,11,34,422.1557,727.3317,11,0.018404100002953783,,0.9243243243243243,0.9243243243243243,22,23,0.956522
0.2,high,none,SCN-orion-medium-2026-D05,0.043243243243243246,15.140572060123784,0,1,48.422,8.5667,0,0.0,0.0,0.9243243243243243,0.043243243243243246,,,
0.2,high,local_repair,SCN-orion-medium-2026-D05,0.8810810810810811,306.60426785258994,9,22,460.4559,585.3167,9,0.018705599999520928,0.95092,0.9243243243243243,0.043243243243243246,10,23,0.434783
0.2,high,full_reopt,SCN-orion-medium-2026-D05,0.8918918918918919,312.78245904059855,9,22,349.8443,550.7317,9,0.007647299993550405,0.96319,0.9243243243243243,0.043243243243243246,2,23,0.086957
0.3,low,none,SCN-orion-medium-2026-D01,0.8486486486486486,297.93388582442424,8,21,389.7706,556.4167,8,0.0,0.0,0.9243243243243243,0.8486486486486486,,,
0.3,low,local_repair,SCN-orion-medium-2026-D01,0.8864864864864865,310.11680915231983,9,22,438.2636,566.35,9,0.004893100005574524,0.5,0.9243243243243243,0.8486486486486486,2,23,0.086957
0.3,low,full_reopt,SCN-orion-medium-2026-D01,0.8918918918918919,312.51194808319775,8,22,390.3168,559.9517,8,0.008060399995883927,0.571429,0.9243243243243243,0.8486486486486486,3,23,0.130435
0.3,low,none,SCN-orion-medium-2026-D02,0.8918918918918919,313.82982753160934,8,22,396.9579,519.4142,8,0.0,0.0,0.9243243243243243,0.8918918918918919,,,
0.3,low,local_repair,SCN-orion-medium-2026-D02,0.8918918918918919,313.82982753160934,8,22,396.9579,519.4142,8,0.0037219999940134585,0.0,0.9243243243243243,0.8918918918918919,1,23,0.043478
0.3,low,full_reopt,SCN-orion-medium-2026-D02,0.8918918918918919,313.82982753160934,8,22,396.9579,519.4142,8,0.00802879998809658,0.0,0.9243243243243243,0.8918918918918919,1,23,0.043478
0.3,medium,none,SCN-orion-medium-2026-D01,0.8486486486486486,297.93388582442424,8,21,389.7706,556.4167,8,0.0,0.0,0.9243243243243243,0.8486486486486486,,,
0.3,medium,local_repair,SCN-orion-medium-2026-D01,0.8864864864864865,310.11680915231983,9,22,438.2636,566.35,9,0.005324199999449775,0.5,0.9243243243243243,0.8486486486486486,2,23,0.086957
0.3,medium,full_reopt,SCN-orion-medium-2026-D01,0.8918918918918919,312.51194808319775,8,22,390.3168,559.9517,8,0.007843399973353371,0.571429,0.9243243243243243,0.8486486486486486,3,23,0.130435
0.3,medium,none,SCN-orion-medium-2026-D02,0.8918918918918919,313.82982753160934,8,22,396.9579,519.4142,8,0.0,0.0,0.9243243243243243,0.8918918918918919,,,
0.3,medium,local_repair,SCN-orion-medium-2026-D02,0.8918918918918919,313.82982753160934,8,22,396.9579,519.4142,8,0.004186200007097796,0.0,0.9243243243243243,0.8918918918918919,1,23,0.043478
0.3,medium,full_reopt,SCN-orion-medium-2026-D02,0.8918918918918919,313.82982753160934,8,22,396.9579,519.4142,8,0.008015200000954792,0.0,0.9243243243243243,0.8918918918918919,1,23,0.043478
0.3,medium,none,SCN-orion-medium-2026-D04,0.9243243243243243,323.98177733818574,8,23,432.9773,587.6492,8,0.0,,0.9243243243243243,0.9243243243243243,,,
0.3,medium,local_repair,SCN-orion-medium-2026-D04,0.7854545454545454,412.4004273381857,10,28,432.9773,667.7842,10,0.015497300017159432,,0.9243243243243243,0.9243243243243243,5,23,0.217391
0.3,medium,full_reopt,SCN-orion-medium-2026-D04,0.9018181818181819,473.5546379185719,10,31,518.282,696.8792,10,0.014192100003128871,,0.9243243243243243,0.9243243243243243,17,23,0.73913
0.3,medium,none,SCN-orion-medium-2026-D05,0.16756756756756758,56.080727529584074,0,4,128.4722,151.5592,0,0.0,0.0,0.9243243243243243,0.16756756756756758,,,
0.3,medium,local_repair,SCN-orion-medium-2026-D05,0.9675675675675676,338.52028523520613,9,24,468.1504,622.665,9,0.019668599998112768,1.0,0.9243243243243243,0.16756756756756758,7,23,0.304348
0.3,medium,full_reopt,SCN-orion-medium-2026-D05,0.9243243243243243,323.5017773381857,10,23,432.9773,587.6492,10,0.0077225999848451465,1.0,0.9243243243243243,0.16756756756756758,0,23,0.0
0.3,high,none,SCN-orion-medium-2026-D01,0.8486486486486486,297.93388582442424,8,21,389.7706,556.4167,8,0.0,0.0,0.9243243243243243,0.8486486486486486,,,
0.3,high,local_repair,SCN-orion-medium-2026-D01,0.8864864864864865,310.11680915231983,9,22,438.2636,566.35,9,0.005086499993922189,0.5,0.9243243243243243,0.8486486486486486,2,23,0.086957
0.3,high,full_reopt,SCN-orion-medium-2026-D01,0.8918918918918919,312.51194808319775,8,22,390.3168,559.9517,8,0.007884200022090226,0.571429,0.9243243243243243,0.8486486486486486,3,23,0.130435
0.3,high,none,SCN-orion-medium-2026-D03,0.7567567567567568,264.1248578167067,8,19,388.1212,510.6658,8,0.0,0.0,0.9243243243243243,0.7567567567567568,,,
0.3,high,local_repair,SCN-orion-medium-2026-D03,0.8810810810810811,308.04025035978026,10,22,437.5084,602.0708,10,0.006559999979799613,0.741935,0.9243243243243243,0.7567567567567568,4,23,0.173913
0.3,high,full_reopt,SCN-orion-medium-2026-D03,0.8486486486486486,296.4611501028536,6,21,446.9658,530.4783,6,0.007737599982647225,0.548387,0.9243243243243243,0.7567567567567568,7,23,0.304348
0.3,high,none,SCN-orion-medium-2026-D05,0.043243243243243246,15.140572060123784,0,1,48.422,8.5667,0,0.0,0.0,0.9243243243243243,0.043243243243243246,,,
0.3,high,local_repair,SCN-orion-medium-2026-D05,0.8810810810810811,306.60426785258994,9,22,460.4559,585.3167,9,0.018383299990091473,0.95092,0.9243243243243243,0.043243243243243246,10,23,0.434783
0.3,high,full_reopt,SCN-orion-medium-2026-D05,0.8918918918918919,312.78245904059855,9,22,349.8443,550.7317,9,0.007689799997024238,0.96319,0.9243243243243243,0.043243243243243246,2,23,0.086957
0.3,high,none,SCN-orion-medium-2026-D07,0.7621621621621621,267.5291528520374,5,19,314.4837,425.3992,5,0.0,0.0,0.9243243243243243,0.7621621621621621,,,
0.3,high,local_repair,SCN-orion-medium-2026-D07,0.8432432432432433,294.71241401167595,7,21,385.731,469.2242,7,0.0068174999905750155,0.5,0.9243243243243243,0.7621621621621621,3,23,0.130435
0.3,high,full_reopt,SCN-orion-medium-2026-D07,0.8432432432432433,294.97581625969656,7,21,372.4999,472.8542,7,0.007509299990488216,0.5,0.9243243243243243,0.7621621621621621,4,23,0.173913
