solver,time_budget_s,status,objective,runtime_s,service_level,late_tasks,optimality_gap,fraction_of_best
HEURISTIC,1.0,FEASIBLE,323.98177733818574,0.004050299990922213,0.9243243243243243,8,,0.9945053813680671
HEURISTIC,5.0,FEASIBLE,323.98177733818574,0.004052300006151199,0.9243243243243243,8,,0.9945053813680671
HEURISTIC,10.0,FEASIBLE,323.98177733818574,0.0036069000198040158,0.9243243243243243,8,,0.9945053813680671
HEURISTIC,30.0,FEASIBLE,323.98177733818574,0.004054699995322153,0.9243243243243243,8,,0.9945053813680671
HEURISTIC,60.0,FEASIBLE,323.98177733818574,0.004293000005418435,0.9243243243243243,8,,0.9945053813680671
LOCAL_SEARCH,1.0,FEASIBLE,323.98177733818574,0.3485519999812823,0.9243243243243243,8,,0.9945053813680671
LOCAL_SEARCH,5.0,FEASIBLE,323.98177733818574,0.3492362000106368,0.9243243243243243,8,,0.9945053813680671
LOCAL_SEARCH,10.0,FEASIBLE,323.98177733818574,0.3523830999911297,0.9243243243243243,8,,0.9945053813680671
LOCAL_SEARCH,30.0,FEASIBLE,323.98177733818574,0.34853410001960583,0.9243243243243243,8,,0.9945053813680671
LOCAL_SEARCH,60.0,FEASIBLE,323.98177733818574,0.3437541000021156,0.9243243243243243,8,,0.9945053813680671
CP_SAT,1.0,OPTIMAL,325.7717689697245,0.7779590000282042,0.9243243243243243,5,0.0,1.0
CP_SAT,5.0,OPTIMAL,325.7717689697245,1.0648102999839466,0.9243243243243243,5,0.0,1.0
CP_SAT,10.0,OPTIMAL,325.7717689697245,0.8319225999875925,0.9243243243243243,5,0.0,1.0
CP_SAT,30.0,OPTIMAL,325.7717689697245,0.9951558000175282,0.9243243243243243,5,0.0,1.0
CP_SAT,60.0,OPTIMAL,325.7717689697245,1.097338799998397,0.9243243243243243,5,0.0,1.0
MIN_COST_FLOW,1.0,RELAXATION_OPTIMAL,155.0476125702219,0.0011771999998018146,0.4486486486486487,1,,0.47593937639400297
MIN_COST_FLOW,5.0,RELAXATION_OPTIMAL,155.0476125702219,0.00111119999201037,0.4486486486486487,1,,0.47593937639400297
MIN_COST_FLOW,10.0,RELAXATION_OPTIMAL,155.0476125702219,0.001092300022719428,0.4486486486486487,1,,0.47593937639400297
MIN_COST_FLOW,30.0,RELAXATION_OPTIMAL,155.0476125702219,0.0011676999856717885,0.4486486486486487,1,,0.47593937639400297
MIN_COST_FLOW,60.0,RELAXATION_OPTIMAL,155.0476125702219,0.0010788000072352588,0.4486486486486487,1,,0.47593937639400297
