scarcity,deadline_tightness,status,objective,runtime_s,service_level,late_tasks,feasible
1.0,0.2,FEASIBLE,299.0236448597869,0.01131800000439398,0.8895027624309392,4,True
1.0,0.5,FEASIBLE,298.9929230841359,0.010986499983118847,0.8895027624309392,5,True
1.0,0.8,FEASIBLE,297.71292308413587,0.011530799994943663,0.8895027624309392,9,True
1.0,0.95,FEASIBLE,307.3297413219934,0.010812299995450303,0.9226519337016574,15,True
0.8,0.2,FEASIBLE,328.8317973732337,0.008275899977888912,0.967032967032967,3,True
0.8,0.5,FEASIBLE,286.6818416951926,0.008628199982922524,0.8461538461538461,5,True
0.8,0.8,FEASIBLE,323.1929410718566,0.007795800018357113,0.9560439560439561,9,True
0.8,0.95,FEASIBLE,322.15294107185656,0.007785399997374043,0.9560439560439561,13,True
0.6,0.2,FEASIBLE,323.9219523381857,0.006982199993217364,0.9243243243243243,2,True
0.6,0.5,FEASIBLE,323.98177733818574,0.006912400014698505,0.9243243243243243,8,True
0.6,0.8,FEASIBLE,322.5684440048524,0.007353399996645749,0.9243243243243243,12,True
0.6,0.95,FEASIBLE,321.46995997247456,0.007031799992546439,0.9243243243243243,10,True
0.4,0.2,FEASIBLE,282.0010822103084,0.005496799974935129,0.8181818181818182,3,True
0.4,0.5,FEASIBLE,254.36787642702265,0.00562709997757338,0.732620320855615,9,True
0.4,0.8,FEASIBLE,252.85454309368933,0.005791500007035211,0.732620320855615,11,True
0.4,0.95,FEASIBLE,252.99745744597928,0.006060799991246313,0.732620320855615,13,True
0.2,0.2,FEASIBLE,209.90618216552738,0.0019315000099595636,0.6162162162162163,2,True
0.2,0.5,FEASIBLE,209.5461821655274,0.0017942999838851392,0.6162162162162163,5,True
0.2,0.8,FEASIBLE,208.75284883219405,0.001819700002670288,0.6162162162162163,6,True
0.2,0.95,FEASIBLE,208.33284883219406,0.0017973000067286193,0.6162162162162163,6,True
