task_count,num_tasks,num_resources,solver,time_budget_s,status,objective,tasks_assigned,runtime_s,service_level,late_tasks,travel_km,optimality_gap,split,gap_to_best,comparable
10,10,5,HEURISTIC,5.0,FEASIBLE,141.1703873870867,10,0.0008576000109314919,1.0,3,188.0633,,val,0.0,True
10,10,5,HEURISTIC,30.0,FEASIBLE,141.1703873870867,10,0.0007512000156566501,1.0,3,188.0633,,val,0.0,True
10,10,5,LOCAL_SEARCH,5.0,FEASIBLE,141.1703873870867,10,0.11424150000675581,1.0,3,188.0633,,val,0.0,True
10,10,5,LOCAL_SEARCH,30.0,FEASIBLE,141.1703873870867,10,0.11438350001117215,1.0,3,188.0633,,val,0.0,True
10,10,5,CP_SAT,5.0,OPTIMAL,128.31051817669035,9,0.024103799980366603,0.9078947368421053,4,176.8184,0.0,val,0.091094665449453,True
10,10,5,CP_SAT,30.0,OPTIMAL,128.31051817669035,9,0.020525700005237013,0.9078947368421053,4,176.8184,0.0,val,0.091094665449453,True
10,10,5,MILP,5.0,RELAXATION_OPTIMAL,98.65477845989838,7,0.0024834999931044877,0.7105263157894737,3,253.207,0.0,val,0.30116520691135645,True
10,10,5,MILP,30.0,RELAXATION_OPTIMAL,98.65477845989838,7,0.0015192000137176365,0.7105263157894737,3,253.207,0.0,val,0.30116520691135645,True
10,10,5,MIN_COST_FLOW,5.0,RELAXATION_OPTIMAL,127.63731165283978,9,0.0003189999843016267,0.9078947368421053,4,256.4993,,val,0.09586341714243125,True
10,10,5,MIN_COST_FLOW,30.0,RELAXATION_OPTIMAL,127.63731165283978,9,0.0002741999924182892,0.9078947368421053,4,256.4993,,val,0.09586341714243125,True
25,25,8,HEURISTIC,5.0,FEASIBLE,340.0929878195352,24,0.006157800002256408,0.9675675675675676,5,398.8556,,val,0.032898588648998174,True
25,25,8,HEURISTIC,30.0,FEASIBLE,340.0929878195352,24,0.006989699992118403,0.9675675675675676,5,398.8556,,val,0.032898588648998174,True
25,25,8,LOCAL_SEARCH,5.0,FEASIBLE,341.9790033089747,24,0.48082150000846013,0.9675675675675676,6,385.6339,,val,0.027535442959459137,True
25,25,8,LOCAL_SEARCH,30.0,FEASIBLE,341.9790033089747,24,0.47114899998996407,0.9675675675675676,6,385.6339,,val,0.027535442959459137,True
25,25,8,CP_SAT,5.0,OPTIMAL,351.66217712828995,25,0.8051823999849148,1.0,6,459.011,0.0,val,0.0,True
25,25,8,CP_SAT,30.0,OPTIMAL,351.66217712828995,25,0.9934229000064079,1.0,6,459.011,0.0,val,0.0,True
25,25,8,MILP,5.0,RELAXATION_OPTIMAL,198.2737365713504,15,0.3654612999816891,0.572972972972973,5,519.3366,7.418465693849614e-05,val,0.43618122884162736,True
25,25,8,MILP,30.0,RELAXATION_OPTIMAL,198.2737365713504,15,0.3734233999857679,0.572972972972973,5,519.3366,7.418465693849614e-05,val,0.43618122884162736,True
25,25,8,MIN_COST_FLOW,5.0,RELAXATION_OPTIMAL,123.59436817310099,8,0.0013282999861985445,0.3567567567567568,3,249.1285,,val,0.6485423334906657,True
25,25,8,MIN_COST_FLOW,30.0,RELAXATION_OPTIMAL,123.59436817310099,8,0.0014171999937389046,0.3567567567567568,3,249.1285,,val,0.6485423334906657,True
50,50,12,HEURISTIC,5.0,FEASIBLE,580.0443983449833,42,0.04120350000448525,0.8559556786703602,17,887.6281,,val,0.11681709949058032,True
50,50,12,HEURISTIC,30.0,FEASIBLE,580.0443983449833,42,0.04055400000652298,0.8559556786703602,17,887.6281,,val,0.11681709949058032,True
50,50,12,LOCAL_SEARCH,5.0,FEASIBLE,584.0928794384904,42,2.696986499999184,0.8559556786703602,16,685.852,,val,0.11065283122935216,True
50,50,12,LOCAL_SEARCH,30.0,FEASIBLE,584.0928794384904,42,2.728812300018035,0.8559556786703602,16,685.852,,val,0.11065283122935216,True
50,50,12,CP_SAT,5.0,FEASIBLE,604.8200681818281,44,5.053762800002005,0.889196675900277,20,883.1793,0.03117731790404618,val,0.0790933528067027,True
50,50,12,CP_SAT,30.0,FEASIBLE,656.7658839527054,48,30.105405100010103,0.961218836565097,20,809.0732,0.0027540050013080803,val,0.0,True
50,50,12,MILP,5.0,RELAXATION_OPTIMAL,383.78664291171685,29,0.7289871000102721,0.5872576177285319,24,1185.8576,1.0077650349630227e-05,val,0.41564162772597085,True
50,50,12,MILP,30.0,RELAXATION_OPTIMAL,383.78664291171685,29,0.7245141000021249,0.5872576177285319,24,1185.8576,1.0077650349630227e-05,val,0.41564162772597085,True
50,50,12,MIN_COST_FLOW,5.0,RELAXATION_OPTIMAL,241.80573577730678,16,0.002821499976562336,0.3573407202216066,8,444.1853,,val,0.6318235436925961,True
50,50,12,MIN_COST_FLOW,30.0,RELAXATION_OPTIMAL,241.80573577730678,16,0.0027086999907623976,0.3573407202216066,8,444.1853,,val,0.6318235436925961,True
100,100,16,HEURISTIC,5.0,FEASIBLE,831.5006320793719,61,0.18631079999613576,0.6237762237762238,29,1413.3221,,eval,0.012564966917194787,True
100,100,16,HEURISTIC,30.0,FEASIBLE,831.5006320793719,61,0.18800470000132918,0.6237762237762238,29,1413.3221,,eval,0.012564966917194787,True
100,100,16,LOCAL_SEARCH,5.0,TIME_LIMIT,840.1462777157313,61,5.007158599997638,0.6237762237762238,19,1157.836,,eval,0.0022979712522463963,True
100,100,16,LOCAL_SEARCH,30.0,FEASIBLE,842.0813564649404,61,9.207930400007172,0.6237762237762238,19,1070.5328,,eval,0.0,True
100,100,16,CP_SAT,5.0,TIME_LIMIT,0.0,0,2.9243007999903057,0.0,0,0,,eval,1.0,True
100,100,16,CP_SAT,30.0,FEASIBLE,814.5233659728054,58,30.152615500002867,0.6055944055944056,25,1106.3669,0.19826341867936748,eval,0.032726042775514594,True
100,100,16,MILP,5.0,FEASIBLE,469.71918467077376,36,4.840051400009543,0.3678321678321678,23,1591.2912,0.0011483902104397368,eval,0.44219263249971946,True
100,100,16,MILP,30.0,FEASIBLE,573.1548924548156,43,29.493711799994344,0.4405594405594406,23,1401.3018,0.00030664585317802105,eval,0.3193592423647506,True
100,100,16,MIN_COST_FLOW,5.0,RELAXATION_OPTIMAL,328.05979713159786,22,0.006376500037731603,0.25034965034965034,9,788.7137,,eval,0.6104179309837785,True
100,100,16,MIN_COST_FLOW,30.0,RELAXATION_OPTIMAL,328.05979713159786,22,0.006966799992369488,0.25034965034965034,9,788.7137,,eval,0.6104179309837785,True
250,250,28,HEURISTIC,5.0,FEASIBLE,0.0,0,0.0,0.0,0,0.0,,eval,,True
250,250,28,HEURISTIC,30.0,FEASIBLE,0.0,0,0.0,0.0,0,0.0,,eval,,True
250,250,28,LOCAL_SEARCH,5.0,FEASIBLE,0.0,0,0.0,0.0,0,0.0,,eval,,True
250,250,28,LOCAL_SEARCH,30.0,FEASIBLE,0.0,0,0.0,0.0,0,0.0,,eval,,True
250,250,28,CP_SAT,5.0,TIME_LIMIT,0.0,0,3.969985700008692,0.0,0,0,,eval,,True
250,250,28,CP_SAT,30.0,FEASIBLE,1492.1665460030515,110,30.297383299999638,0.44821826280623606,80,2597.2519,0.5500574397337464,eval,,True
250,250,28,MILP,5.0,FEASIBLE,1028.1691151035106,80,4.821311000006972,0.32238307349665923,71,3279.6292,0.0031052065667022894,eval,,True
250,250,28,MILP,30.0,FEASIBLE,996.0146215556996,77,30.013146999990568,0.3129175946547884,68,3226.8343,0.003070624330695332,eval,,True
250,250,28,MIN_COST_FLOW,5.0,NOT_APPLICABLE,0.0,0,0.0,0.0,0,0.0,,eval,,False
250,250,28,MIN_COST_FLOW,30.0,NOT_APPLICABLE,0.0,0,0.0,0.0,0,0.0,,eval,,False
