rate,severity,strategy,disruption_id,service_level,objective,tasks_assigned,late_tasks,travel_km,operating_cost,violations,replan_seconds,recovery_pct,baseline_service,degraded_service,churn_changed,churn_total_before,churn_fraction
0.05,low,none,SCN-orion-medium-2026-D01,0.8486486486486486,297.93388582442424,21,8,389.7706,556.4167,8,0.0,0.0,0.9243243243243243,0.8486486486486486,,,
0.05,low,local_repair,SCN-orion-medium-2026-D01,0.8864864864864865,310.11680915231983,22,9,438.2636,566.35,9,0.0040892999968491495,0.5,0.9243243243243243,0.8486486486486486,2,23,0.086957
0.05,low,full_reopt,SCN-orion-medium-2026-D01,0.8918918918918919,312.51194808319775,22,8,390.3168,559.9517,8,0.006229499995242804,0.571429,0.9243243243243243,0.8486486486486486,3,23,0.130435
0.05,medium,none,SCN-orion-medium-2026-D01,0.8486486486486486,297.93388582442424,21,8,389.7706,556.4167,8,0.0,0.0,0.9243243243243243,0.8486486486486486,,,
0.05,medium,local_repair,SCN-orion-medium-2026-D01,0.8864864864864865,310.11680915231983,22,9,438.2636,566.35,9,0.003948300000047311,0.5,0.9243243243243243,0.8486486486486486,2,23,0.086957
0.05,medium,full_reopt,SCN-orion-medium-2026-D01,0.8918918918918919,312.51194808319775,22,8,390.3168,559.9517,8,0.006970200018258765,0.571429,0.9243243243243243,0.8486486486486486,3,23,0.130435
0.05,high,none,SCN-orion-medium-2026-D01,0.8486486486486486,297.93388582442424,21,8,389.7706,556.4167,8,0.0,0.0,0.9243243243243243,0.8486486486486486,,,
0.05,high,local_repair,SCN-orion-medium-2026-D01,0.8864864864864865,310.11680915231983,22,9,438.2636,566.35,9,0.004154199996264651,0.5,0.9243243243243243,0.8486486486486486,2,23,0.086957
0.05,high,full_reopt,SCN-orion-medium-2026-D01,0.8918918918918919,312.51194808319775,22,8,390.3168,559.9517,8,0.00798739999299869,0.571429,0.9243243243243243,0.8486486486486486,3,23,0.130435
0.1,low,none,SCN-orion-medium-2026-D01,0.8486486486486486,297.93388582442424,21,8,389.7706,556.4167,8,0.0,0.0,0.9243243243243243,0.8486486486486486,,,
0.1,low,local_repair,SCN-orion-medium-2026-D01,0.8864864864864865,310.11680915231983,22,9,438.2636,566.35,9,0.004214999993564561,0.5,0.9243243243243243,0.8486486486486486,2,23,0.086957
0.1,low,full_reopt,SCN-orion-medium-2026-D01,0.8918918918918919,312.51194808319775,22,8,390.3168,559.9517,8,0.006957299978239462,0.571429,0.9243243243243243,0.8486486486486486,3,23,0.130435
0.1,medium,none,SCN-orion-medium-2026-D01,0.8486486486486486,297.93388582442424,21,8,389.7706,556.4167,8,0.0,0.0,0.9243243243243243,0.8486486486486486,,,
0.1,medium,local_repair,SCN-orion-medium-2026-D01,0.8864864864864865,310.11680915231983,22,9,438.2636,566.35,9,0.003861700010020286,0.5,0.9243243243243243,0.8486486486486486,2,23,0.086957
0.1,medium,full_reopt,SCN-orion-medium-2026-D01,0.8918918918918919,312.51194808319775,22,8,390.3168,559.9517,8,0.00643620002665557,0.571429,0.9243243243243243,0.8486486486486486,3,23,0.130435
0.1,medium,none,SCN-orion-medium-2026-D02,0.7567567567567568,264.1248578167067,19,8,388.1212,510.6658,8,0.0,0.0,0.9243243243243243,0.7567567567567568,,,
0.1,medium,local_repair,SCN-orion-medium-2026-D02,0.8810810810810811,308.04025035978026,22,10,437.5084,602.0708,10,0.005689899990102276,0.741935,0.9243243243243243,0.7567567567567568,4,23,0.173913
0.1,medium,full_reopt,SCN-orion-medium-2026-D02,0.8486486486486486,297.65715346065673,21,9,411.6052,520.0458,9,0.0066340000194031745,0.548387,0.9243243243243243,0.7567567567567568,5,23,0.217391
0.1,high,none,SCN-orion-medium-2026-D01,0.8486486486486486,297.93388582442424,21,8,389.7706,556.4167,8,0.0,0.0,0.9243243243243243,0.8486486486486486,,,
0.1,high,local_repair,SCN-orion-medium-2026-D01,0.8864864864864865,310.11680915231983,22,9,438.2636,566.35,9,0.00458700000308454,0.5,0.9243243243243243,0.8486486486486486,2,23,0.086957
0.1,high,full_reopt,SCN-orion-medium-2026-D01,0.8918918918918919,312.51194808319775,22,8,390.3168,559.9517,8,0.0066451999882701784,0.571429,0.9243243243243243,0.8486486486486486,3,23,0.130435
0.1,high,none,SCN-orion-medium-2026-D02,0.7567567567567568,264.1248578167067,19,8,388.1212,510.6658,8,0.0,0.0,0.9243243243243243,0.7567567567567568,,,
0.1,high,local_repair,SCN-orion-medium-2026-D02,0.8810810810810811,308.04025035978026,22,10,437.5084,602.0708,10,0.005251299997325987,0.741935,0.9243243243243243,0.7567567567567568,4,23,0.173913
0.1,high,full_reopt,SCN-orion-medium-2026-D02,0.8486486486486486,297.65715346065673,21,9,411.6052,520.0458,9,0.006728800013661385,0.548387,0.9243243243243243,0.7567567567567568,5,23,0.217391
0.2,low,none,SCN-orion-medium-2026-D01,0.8486486486486486,297.93388582442424,21,8,389.7706,556.4167,8,0.0,0.0,0.9243243243243243,0.8486486486486486,,,
0.2,low,local_repair,SCN-orion-medium-2026-D01,0.8864864864864865,310.11680915231983,22,9,438.2636,566.35,9,0.004159900010563433,0.5,0.9243243243243243,0.8486486486486486,2,23,0.086957
0.2,low,full_reopt,SCN-orion-medium-2026-D01,0.8918918918918919,312.51194808319775,22,8,390.3168,559.9517,8,0.006579599983524531,0.571429,0.9243243243243243,0.8486486486486486,3,23,0.130435
0.2,low,none,SCN-orion-medium-2026-D02,0.7567567567567568,264.1248578167067,19,8,388.1212,510.6658,8,0.0,0.0,0.9243243243243243,0.7567567567567568,,,
0.2,low,local_repair,SCN-orion-medium-2026-D02,0.8810810810810811,308.04025035978026,22,10,437.5084,602.0708,10,0.005145800008904189,0.741935,0.9243243243243243,0.7567567567567568,4,23,0.173913
0.2,low,full_reopt,SCN-orion-medium-2026-D02,0.8486486486486486,297.65715346065673,21,9,411.6052,520.0458,9,0.006987200002186,0.548387,0.9243243243243243,0.7567567567567568,5,23,0.217391
0.2,medium,none,SCN-orion-medium-2026-D01,0.8486486486486486,297.93388582442424,21,8,389.7706,556.4167,8,0.0,0.0,0.9243243243243243,0.8486486486486486,,,
0.2,medium,local_repair,SCN-orion-medium-2026-D01,0.8864864864864865,310.11680915231983,22,9,438.2636,566.35,9,0.004168599989498034,0.5,0.9243243243243243,0.8486486486486486,2,23,0.086957
0.2,medium,full_reopt,SCN-orion-medium-2026-D01,0.8918918918918919,312.51194808319775,22,8,390.3168,559.9517,8,0.005929300008574501,0.571429,0.9243243243243243,0.8486486486486486,3,23,0.130435
0.2,medium,none,SCN-orion-medium-2026-D02,0.7567567567567568,264.1248578167067,19,8,388.1212,510.6658,8,0.0,0.0,0.9243243243243243,0.7567567567567568,,,
0.2,medium,local_repair,SCN-orion-medium-2026-D02,0.9243243243243243,323.98177733818574,23,8,432.9773,587.6492,8,0.005535000003874302,1.0,0.9243243243243243,0.7567567567567568,0,23,0.0
0.2,medium,full_reopt,SCN-orion-medium-2026-D02,0.9243243243243243,323.98177733818574,23,8,432.9773,587.6492,8,0.0073090000078082085,1.0,0.9243243243243243,0.7567567567567568,0,23,0.0
0.2,medium,none,SCN-orion-medium-2026-D03,0.7621621621621621,266.06688299617554,19,6,398.0997,528.8783,6,0.0,0.0,0.9243243243243243,0.7621621621621621,,,
0.2,medium,local_repair,SCN-orion-medium-2026-D03,0.9243243243243243,322.39844053413657,23,9,424.9745,595.3425,9,0.006742900004610419,1.0,0.9243243243243243,0.7621621621621621,2,23,0.086957
0.2,medium,full_reopt,SCN-orion-medium-2026-D03,0.9243243243243243,323.934902656161,23,4,372.7393,605.125,4,0.0074640999955590814,1.0,0.9243243243243243,0.7621621621621621,7,23,0.304348
0.2,high,none,SCN-orion-medium-2026-D01,0.8486486486486486,297.93388582442424,21,8,389.7706,556.4167,8,0.0,0.0,0.9243243243243243,0.8486486486486486,,,
0.2,high,local_repair,SCN-orion-medium-2026-D01,0.8864864864864865,310.11680915231983,22,9,438.2636,566.35,9,0.00398099998710677,0.5,0.9243243243243243,0.8486486486486486,2,23,0.086957
0.2,high,full_reopt,SCN-orion-medium-2026-D01,0.8918918918918919,312.51194808319775,22,8,390.3168,559.9517,8,0.007481300010113046,0.571429,0.9243243243243243,0.8486486486486486,3,23,0.130435
0.2,high,none,SCN-orion-medium-2026-D02,0.7567567567567568,264.1248578167067,19,8,388.1212,510.6658,8,0.0,0.0,0.9243243243243243,0.7567567567567568,,,
0.2,high,local_repair,SCN-orion-medium-2026-D02,0.8810810810810811,308.04025035978026,22,10,437.5084,602.0708,10,0.005547900014789775,0.741935,0.9243243243243243,0.7567567567567568,4,23,0.173913
0.2,high,full_reopt,SCN-orion-medium-2026-D02,0.8486486486486486,297.65715346065673,21,9,411.6052,520.0458,9,0.007024399994406849,0.548387,0.9243243243243243,0.7567567567567568,5,23,0.217391
0.2,high,none,SCN-orion-medium-2026-D04,0.9243243243243243,323.98177733818574,23,8,432.9773,587.6492,8,0.0,,0.9243243243243243,0.9243243243243243,,,
0.2,high,local_repair,SCN-orion-medium-2026-D04,0.73125,446.59802809541964,30,13,487.8163,707.7592,13,0.017689700005576015,,0.9243243243243243,0.9243243243243243,7,23,0.304348
0.2,high,full_reopt,SCN-orion-medium-2026-D04,0.840625,516.9356503129591,33,13,503.3235,623.4192,13,0.015591599978506565,,0.9243243243243243,0.9243243243243243,19,23,0.826087
0.2,high,none,SCN-orion-medium-2026-D05,0.043243243243243246,15.140572060123784,1,0,48.422,8.5667,0,0.0,0.0,0.9243243243243243,0.043243243243243246,,,
0.2,high,local_repair,SCN-orion-medium-2026-D05,0.8810810810810811,306.60426785258994,22,9,460.4559,585.3167,9,0.013779300003079697,0.95092,0.9243243243243243,0.043243243243243246,10,23,0.434783
0.2,high,full_reopt,SCN-orion-medium-2026-D05,0.8918918918918919,312.78245904059855,22,9,349.8443,550.7317,9,0.006511100014904514,0.96319,0.9243243243243243,0.043243243243243246,2,23,0.086957
0.3,low,none,SCN-orion-medium-2026-D01,0.8486486486486486,297.93388582442424,21,8,389.7706,556.4167,8,0.0,0.0,0.9243243243243243,0.8486486486486486,,,
0.3,low,local_repair,SCN-orion-medium-2026-D01,0.8864864864864865,310.11680915231983,22,9,438.2636,566.35,9,0.003990400000475347,0.5,0.9243243243243243,0.8486486486486486,2,23,0.086957
0.3,low,full_reopt,SCN-orion-medium-2026-D01,0.8918918918918919,312.51194808319775,22,8,390.3168,559.9517,8,0.00756049997289665,0.571429,0.9243243243243243,0.8486486486486486,3,23,0.130435
0.3,low,none,SCN-orion-medium-2026-D02,0.7567567567567568,264.1248578167067,19,8,388.1212,510.6658,8,0.0,0.0,0.9243243243243243,0.7567567567567568,,,
0.3,low,local_repair,SCN-orion-medium-2026-D02,0.8810810810810811,308.04025035978026,22,10,437.5084,602.0708,10,0.005268399982014671,0.741935,0.9243243243243243,0.7567567567567568,4,23,0.173913
0.3,low,full_reopt,SCN-orion-medium-2026-D02,0.8486486486486486,297.65715346065673,21,9,411.6052,520.0458,9,0.006468400009907782,0.548387,0.9243243243243243,0.7567567567567568,5,23,0.217391
0.3,medium,none,SCN-orion-medium-2026-D01,0.8486486486486486,297.93388582442424,21,8,389.7706,556.4167,8,0.0,0.0,0.9243243243243243,0.8486486486486486,,,
0.3,medium,local_repair,SCN-orion-medium-2026-D01,0.8864864864864865,310.11680915231983,22,9,438.2636,566.35,9,0.004205100005492568,0.5,0.9243243243243243,0.8486486486486486,2,23,0.086957
0.3,medium,full_reopt,SCN-orion-medium-2026-D01,0.8918918918918919,312.51194808319775,22,8,390.3168,559.9517,8,0.006566299998667091,0.571429,0.9243243243243243,0.8486486486486486,3,23,0.130435
0.3,medium,none,SCN-orion-medium-2026-D02,0.7567567567567568,264.1248578167067,19,8,388.1212,510.6658,8,0.0,0.0,0.9243243243243243,0.7567567567567568,,,
0.3,medium,local_repair,SCN-orion-medium-2026-D02,0.8810810810810811,308.04025035978026,22,10,437.5084,602.0708,10,0.005541600025026128,0.741935,0.9243243243243243,0.7567567567567568,4,23,0.173913
0.3,medium,full_reopt,SCN-orion-medium-2026-D02,0.8486486486486486,297.65715346065673,21,9,411.6052,520.0458,9,0.006524199998239055,0.548387,0.9243243243243243,0.7567567567567568,5,23,0.217391
0.3,medium,none,SCN-orion-medium-2026-D04,0.9243243243243243,323.98177733818574,23,8,432.9773,587.6492,8,0.0,,0.9243243243243243,0.9243243243243243,,,
0.3,medium,local_repair,SCN-orion-medium-2026-D04,0.850909090909091,446.59802809541964,30,13,487.8163,707.7592,13,0.012301999988267198,,0.9243243243243243,0.9243243243243243,7,23,0.304348
0.3,medium,full_reopt,SCN-orion-medium-2026-D04,0.9272727272727272,487.49294498335485,32,11,550.0916,708.9692,11,0.012138300022343174,,0.9243243243243243,0.9243243243243243,13,23,0.565217
0.3,medium,none,SCN-orion-medium-2026-D05,0.16756756756756758,56.080727529584074,4,0,128.4722,151.5592,0,0.0,0.0,0.9243243243243243,0.16756756756756758,,,
0.3,medium,local_repair,SCN-orion-medium-2026-D05,0.9675675675675676,338.52028523520613,24,9,468.1504,622.665,9,0.01526650000596419,1.0,0.9243243243243243,0.16756756756756758,7,23,0.304348
0.3,medium,full_reopt,SCN-orion-medium-2026-D05,0.9243243243243243,323.5017773381857,23,10,432.9773,587.6492,10,0.007110599981388077,1.0,0.9243243243243243,0.16756756756756758,0,23,0.0
0.3,high,none,SCN-orion-medium-2026-D01,0.8486486486486486,297.93388582442424,21,8,389.7706,556.4167,8,0.0,0.0,0.9243243243243243,0.8486486486486486,,,
0.3,high,local_repair,SCN-orion-medium-2026-D01,0.8864864864864865,310.11680915231983,22,9,438.2636,566.35,9,0.004670800000894815,0.5,0.9243243243243243,0.8486486486486486,2,23,0.086957
0.3,high,full_reopt,SCN-orion-medium-2026-D01,0.8918918918918919,312.51194808319775,22,8,390.3168,559.9517,8,0.006986099993810058,0.571429,0.9243243243243243,0.8486486486486486,3,23,0.130435
0.3,high,none,SCN-orion-medium-2026-D03,0.7621621621621621,266.06688299617554,19,6,398.0997,528.8783,6,0.0,0.0,0.9243243243243243,0.7621621621621621,,,
0.3,high,local_repair,SCN-orion-medium-2026-D03,0.9243243243243243,321.69070424275003,23,9,432.9773,597.3592,9,0.006171899993205443,1.0,0.9243243243243243,0.7621621621621621,2,23,0.086957
0.3,high,full_reopt,SCN-orion-medium-2026-D03,0.9243243243243243,323.76156932282765,23,5,372.7393,605.125,5,0.006728699983796105,1.0,0.9243243243243243,0.7621621621621621,7,23,0.304348
0.3,high,none,SCN-orion-medium-2026-D05,0.043243243243243246,15.140572060123784,1,0,48.422,8.5667,0,0.0,0.0,0.9243243243243243,0.043243243243243246,,,
0.3,high,local_repair,SCN-orion-medium-2026-D05,0.8810810810810811,306.60426785258994,22,9,460.4559,585.3167,9,0.013187500007916242,0.95092,0.9243243243243243,0.043243243243243246,10,23,0.434783
0.3,high,full_reopt,SCN-orion-medium-2026-D05,0.8918918918918919,312.78245904059855,22,9,349.8443,550.7317,9,0.0074443000194150954,0.96319,0.9243243243243243,0.043243243243243246,2,23,0.086957
0.3,high,none,SCN-orion-medium-2026-D07,0.8108108108108109,283.0553719447286,20,8,384.5553,557.6658,8,0.0,0.0,0.9243243243243243,0.8108108108108109,,,
0.3,high,local_repair,SCN-orion-medium-2026-D07,0.9243243243243243,323.98177733818574,23,8,432.9773,587.6492,8,0.00498549998155795,1.0,0.9243243243243243,0.8108108108108109,0,23,0.0
0.3,high,full_reopt,SCN-orion-medium-2026-D07,0.9243243243243243,323.98177733818574,23,8,432.9773,587.6492,8,0.0062803000037092716,1.0,0.9243243243243243,0.8108108108108109,0,23,0.0
