scarcity,deadline_tightness,status,objective,tasks_assigned,runtime_s,service_level,late_tasks,feasible
1.0,0.2,FEASIBLE,299.0236448597869,22,0.010389600007329136,0.8895027624309392,4,True
1.0,0.5,FEASIBLE,298.9929230841359,22,0.012100500025553629,0.8895027624309392,5,True
1.0,0.8,FEASIBLE,297.71292308413587,22,0.011572000017622486,0.8895027624309392,9,True
1.0,0.95,FEASIBLE,307.3297413219934,23,0.01057579999906011,0.9226519337016574,15,True
0.8,0.2,FEASIBLE,328.8317973732337,24,0.008065200003329664,0.967032967032967,3,True
0.8,0.5,FEASIBLE,286.6818416951926,21,0.01004970000940375,0.8461538461538461,5,True
0.8,0.8,FEASIBLE,323.1929410718566,24,0.006880900007672608,0.9560439560439561,9,True
0.8,0.95,FEASIBLE,322.15294107185656,24,0.006598699983442202,0.9560439560439561,13,True
0.6,0.2,FEASIBLE,323.9219523381857,23,0.007259300007717684,0.9243243243243243,2,True
0.6,0.5,FEASIBLE,323.98177733818574,23,0.006282699992880225,0.9243243243243243,8,True
0.6,0.8,FEASIBLE,322.5684440048524,23,0.006154100003186613,0.9243243243243243,12,True
0.6,0.95,FEASIBLE,321.46995997247456,23,0.006041400018148124,0.9243243243243243,10,True
0.4,0.2,FEASIBLE,282.0010822103084,20,0.005485000001499429,0.8181818181818182,3,True
0.4,0.5,FEASIBLE,254.36787642702265,18,0.005536000011488795,0.732620320855615,9,True
0.4,0.8,FEASIBLE,252.85454309368933,18,0.005701799993403256,0.732620320855615,11,True
0.4,0.95,FEASIBLE,252.99745744597928,18,0.005440999986603856,0.732620320855615,13,True
0.2,0.2,FEASIBLE,209.90618216552738,15,0.002133200003299862,0.6162162162162163,2,True
0.2,0.5,FEASIBLE,209.5461821655274,15,0.0021859999978914857,0.6162162162162163,5,True
0.2,0.8,FEASIBLE,208.75284883219405,15,0.002403299993602559,0.6162162162162163,6,True
0.2,0.95,FEASIBLE,208.33284883219406,15,0.0020933999912813306,0.6162162162162163,6,True
