solver,time_budget_s,status,objective,tasks_assigned,runtime_s,service_level,late_tasks,optimality_gap,fraction_of_best
HEURISTIC,1.0,FEASIBLE,323.98177733818574,23,0.005843999999342486,0.9243243243243243,8,,0.9945053813680671
HEURISTIC,5.0,FEASIBLE,323.98177733818574,23,0.005653500003973022,0.9243243243243243,8,,0.9945053813680671
HEURISTIC,10.0,FEASIBLE,323.98177733818574,23,0.00581969998893328,0.9243243243243243,8,,0.9945053813680671
HEURISTIC,30.0,FEASIBLE,323.98177733818574,23,0.006662700005108491,0.9243243243243243,8,,0.9945053813680671
HEURISTIC,60.0,FEASIBLE,323.98177733818574,23,0.006309100019279867,0.9243243243243243,8,,0.9945053813680671
LOCAL_SEARCH,1.0,FEASIBLE,323.98177733818574,23,0.4788207999954466,0.9243243243243243,8,,0.9945053813680671
LOCAL_SEARCH,5.0,FEASIBLE,323.98177733818574,23,0.46824780001770705,0.9243243243243243,8,,0.9945053813680671
LOCAL_SEARCH,10.0,FEASIBLE,323.98177733818574,23,0.4747329000092577,0.9243243243243243,8,,0.9945053813680671
LOCAL_SEARCH,30.0,FEASIBLE,323.98177733818574,23,0.4749261000251863,0.9243243243243243,8,,0.9945053813680671
LOCAL_SEARCH,60.0,FEASIBLE,323.98177733818574,23,0.6227322000195272,0.9243243243243243,8,,0.9945053813680671
CP_SAT,1.0,FEASIBLE,325.7717689697245,23,1.022532000002684,0.9243243243243243,5,0.00123252180812128,1.0
CP_SAT,5.0,OPTIMAL,325.7717689697245,23,1.0353011999977753,0.9243243243243243,5,0.0,1.0
CP_SAT,10.0,OPTIMAL,325.7717689697245,23,1.1088924999930896,0.9243243243243243,5,0.0,1.0
CP_SAT,30.0,OPTIMAL,325.7717689697245,23,1.1185507999907713,0.9243243243243243,5,0.0,1.0
CP_SAT,60.0,OPTIMAL,325.7717689697245,23,1.1442294000007678,0.9243243243243243,5,0.0,1.0
MILP,1.0,RELAXATION_OPTIMAL,213.26981717632307,15,0.037734199984697625,0.6216216216216216,9,9.87155671047671e-05,0.6546602176450201
MILP,5.0,RELAXATION_OPTIMAL,213.26981717632307,15,0.03713739998056553,0.6216216216216216,9,9.87155671047671e-05,0.6546602176450201
MILP,10.0,RELAXATION_OPTIMAL,213.26981717632307,15,0.03725660001509823,0.6216216216216216,9,9.87155671047671e-05,0.6546602176450201
MILP,30.0,RELAXATION_OPTIMAL,213.26981717632307,15,0.03601480001816526,0.6216216216216216,9,9.87155671047671e-05,0.6546602176450201
MILP,60.0,RELAXATION_OPTIMAL,213.26981717632307,15,0.036486700002569705,0.6216216216216216,9,9.87155671047671e-05,0.6546602176450201
MIN_COST_FLOW,1.0,RELAXATION_OPTIMAL,192.55971345922973,13,0.0017830999859143049,0.5567567567567567,4,,0.5910877853787423
MIN_COST_FLOW,5.0,RELAXATION_OPTIMAL,192.55971345922973,13,0.0012950999953318387,0.5567567567567567,4,,0.5910877853787423
MIN_COST_FLOW,10.0,RELAXATION_OPTIMAL,192.55971345922973,13,0.0013450999977067113,0.5567567567567567,4,,0.5910877853787423
MIN_COST_FLOW,30.0,RELAXATION_OPTIMAL,192.55971345922973,13,0.001216100004967302,0.5567567567567567,4,,0.5910877853787423
MIN_COST_FLOW,60.0,RELAXATION_OPTIMAL,192.55971345922973,13,0.001212700008181855,0.5567567567567567,4,,0.5910877853787423
